tagKey	displayName	category
fanza_b57567d90c50926407564bebeffe67a9226aff39	OL	キャラクター
fanza_8be4e774f31a27c5df90eae8185d196a7dda9b4c	VTuber	キャラクター
fanza_eea93e98bd092f33d10c2ab0e4e1ff3d441b7c9b	おやじ	キャラクター
fanza_8ce8be84a562f1ea71b64c410fe9a1ac0d046f6d	お姫様	キャラクター
fanza_7f025924308d9e430875971fc36c65e8c5dc66a6	お嬢様・令嬢	キャラクター
fanza_597d05cab302ed1ebef65b46b301bd5c1fcba093	くノ一	キャラクター
fanza_add2ba0dd0e3d05e5b7a7ea9dc6e0ca7eaaba0b7	けもの・獣化	キャラクター
fanza_558f62a91667e1155776e25aa3754fc659c7a6f3	ぷに	キャラクター
fanza_66bf4c3bf835e89b8e9f9f0f0ec8819851ed6f59	アイドル・芸能人	キャラクター
fanza_717f255eedfb48d0f2ef5b503b9a1368ec54dd50	ウェイトレス	キャラクター
fanza_b1c04032f587106d13290737e07e108bd72f03d0	エルフ・妖精	キャラクター
fanza_11fea834a12966a9e89e39746eff64eca0b1b432	オスケモ	キャラクター
fanza_cde84bd854578a6ddc5e51b99dc90144610c693d	オネエ	キャラクター
fanza_b5bcc5274cdd0e120034d71983deabe1b8aa974e	ガテン系	キャラクター
fanza_dc4380d53d28c95b9af157ef0898847c2398e6cd	ギャル	キャラクター
fanza_a761ed05530785c7d56530f38beea28fbc69d712	ゲイ	キャラクター
fanza_1b3c9b94ca682da60cbc379c570e2c3ecf474cbf	サキュバス/淫魔	キャラクター
fanza_7de046e7da3e445270d794e56a02f6d512de5a10	サラリーマン	キャラクター
fanza_d1b4e4f83b7f3e174de7c806e864d4dc7a5604eb	シスター	キャラクター
fanza_c4692a762d87062b3441f8c6827491653b53848a	ショタ	キャラクター
fanza_8f6de1d49533a8b6cc9f190b29b0dc1633494a46	スパダリ	キャラクター
fanza_18049f69f35ac657b9c149ad1cd84b6f88cb1ea3	スポーツ選手	キャラクター
fanza_bd64b0c8f1f423703e089aefe8a0c8252c40b32d	ニューハーフ	キャラクター
fanza_660ffa483fa74e18bdbae5a9736072fddefe511b	ノンケ	キャラクター
fanza_f9a555758fb406fa80ea47801c39be058c3a5cdd	バイ	キャラクター
fanza_2e494f665ea08212d933108e23d9ddf73f33386f	バニーガール	キャラクター
fanza_bd491d9e219f9db7f2a8b8b5deef51928ffc9819	ホスト	キャラクター
fanza_14f1f19e41b42b250116e3ac1cde3843d26ba9a9	ママ	キャラクター
fanza_9c3aa8eee095a37378bc346fe4e87279e9b76906	メイド	キャラクター
fanza_e98b1cec53ecf8f74782f224627f50a009e8fe95	メスケモ	キャラクター
fanza_1e20dd673d7abddc38eacb88c37cd1d484e3bf5d	モデル	キャラクター
fanza_2eb460440bc2ee11a6bba98a24f9034beb7fe9f9	ヤクザ/裏社会	キャラクター
fanza_5380a371a2974572e2d39361566782b95c3cad10	ヤリチン・プレイボーイ	キャラクター
fanza_004a4427d206a74453b2cd3b56bffcdc85afc04e	レスラー/格闘家	キャラクター
fanza_f74a9e431b06ae69d7d521110f84b85205f87efd	レズビアン	キャラクター
fanza_10f3e14d0162ed0a3d92dbfa75c7b03a70130e7a	ロボット	キャラクター
fanza_eb7f4e3fd43eb6caa62458c81e4db2d9987cde5d	ワンコ	キャラクター
fanza_323450745cc2295bb91ff941f6d332672701310c	上司	キャラクター
fanza_ef0dfba26213bc4d05e124003d143037f86b22bf	不良・ヤンキー	キャラクター
fanza_0543e0c5c2aa320ace095c14b85b4f3817847588	主従	キャラクター
fanza_2a0d97ff5273de2a604ee616f384bf62d47c57a7	人外娘・モンスター娘	キャラクター
fanza_6f8da9261bf85d21329cad34a70a8d2179ea6d29	人妻・主婦	キャラクター
fanza_e9de98ae8bac27aaa78954daa426d024e43a1025	体育会系	キャラクター
fanza_546675260c47ede29b7e7ce47a9159121be4c83c	保健医	キャラクター
fanza_1b60f62fba6e4d69d604651388647658f1457aa3	兄	キャラクター
fanza_7c6b99c21f221507446caa46587e6401d85ef63b	先輩	キャラクター
fanza_cfb25a13c72a3fd256cd648bfb98e8c7111ece1d	医者	キャラクター
fanza_7b7a6f7d37709c97b1b99dc9219273263046a1b4	双子	キャラクター
fanza_ab0ec2bea3c21c52b9e33f0e1988e6c2149bf5bc	叔父・義父	キャラクター
fanza_dfd7a70ed9d3d28740ad52a78c0df51f76980475	同級生/同僚	キャラクター
fanza_4ff1189d721c067805e7af5c183b656730d043d9	図書委員	キャラクター
fanza_6d0c3a4a6956113ce4ab931fd69e022e7d88a5dd	変身ヒロイン	キャラクター
fanza_20fad2003400f4d1f082142ccb86dc43ba9248ba	外国人	キャラクター
fanza_e2f9883061b99b41279eca6b8caaf8043cb25df4	天使・悪魔	キャラクター
fanza_cf83392bba7919576529740280d435dd8d1bb154	女医	キャラクター
fanza_95a11a073e9e3ecea63b803048cefffd27b11f24	女教師	キャラクター
fanza_ecab5faaef37d721b27efd97e0ca1ec7bd6c44d1	女王様	キャラクター
fanza_363768f05e8ce3f8010fd33fd21ee94dc6252eb9	女装・男の娘	キャラクター
fanza_5859953d8732ce70f45ba23cd0d2354ac2835889	妊婦	キャラクター
fanza_879154b42ef2e4e3dadd519071d2663c95ccefc2	妖怪	キャラクター
fanza_2a70c43e87b3d0120c00225c0701ceee7da2f0f5	姉妹	キャラクター
fanza_ae3d0c5f5e76e22d88374cf10412a8fa99142070	委員長	キャラクター
fanza_a1efc48cb3c003603e08c1f4842f42ba5fbac3d2	娘	キャラクター
fanza_b76783d38c00a7d57e25b25d12b23c760e616a42	学生	キャラクター
fanza_fa4b9f846b8c5f86e20136fe98306e8b0fba19b9	実妹	キャラクター
fanza_eb485269d7d602eafbacd1d0f276ee92455f84f8	実姉	キャラクター
fanza_22d9b9afb945eed7e57b8e3aa4f427d20fb51adc	少女	キャラクター
fanza_5addc4e4387ae42d3320f5b8b4908ee217061ac4	少年	キャラクター
fanza_553005bb268b6b8ef3b3588e4a1bcfc6c01091d5	巫女	キャラクター
fanza_5c8d7a349fdf46a9e027c79f1dace46caf6d4f7f	年上	キャラクター
fanza_683dcb79dcd975570a820107ffae080c36941356	幼なじみ	キャラクター
fanza_5dd41a415b271923c0b66d298ea4129d4293bbd1	幽霊・ゾンビ	キャラクター
fanza_276330ed97025eb20fd53bc5dfce3ac9874e2d8e	弟	キャラクター
fanza_9de5bab4f2e702618db1ed92a96d24a2b0fca148	後輩	キャラクター
fanza_f56b9ae7bcef14770ce30a23767f534808881a39	従姉妹／いとこ	キャラクター
fanza_725661803390ccd38075453489d9df051ecadf11	悪役令嬢	キャラクター
fanza_f71aec055efc5c99caed8aec2ae74e6efae239bc	戦士	キャラクター
fanza_00034f2a3b009fb50985a948bbe12f640b43a2e4	教師	キャラクター
fanza_f007aa0726032783946db30b56be63eb1b0072fe	既婚者	キャラクター
fanza_20a0d6b107e311ef9694d75d3ee5ae12ec373e67	未亡人	キャラクター
fanza_15d71e581a0c635a4d2ce2e4089b808511f4448e	母親	キャラクター
fanza_a1708ab4d3cec8350debdd97dcd3454db56a7a32	熟女	キャラクター
fanza_b88bfb8adc541dbbf634764e714740af6dbfc2cb	爺	キャラクター
fanza_7524527c4dfaf345f3065b5efe076b0ba2dcc22f	獣人	キャラクター
fanza_acf6000047a5435adebd58258e842164041be2c5	王子様・王子系	キャラクター
fanza_742b5c4195bdecdd8fe0b507ad770cdba1587544	男娼	キャラクター
fanza_aa8c3b50d54b653e8e519ac8eab4571dacf039fb	白ギャル	キャラクター
fanza_6519a02013ee19086ca8517912052845440cb2d6	秘書	キャラクター
fanza_3d9fa52eea9025203ca24d5bd79929fa032088b8	義妹	キャラクター
fanza_3072f754860a2aa2e5fb942e964cc51fbbd5a2c2	義姉	キャラクター
fanza_1f65bfa6c12b97569def86001a857d7f7fc52425	義母	キャラクター
fanza_2ed10f6b9881efca50be9c34ed1e8fd09c28f5e8	裏垢女子	キャラクター
fanza_78066bb6ccd2d91bc1ea8b8b857a2e76fa5161eb	警察/刑事	キャラクター
fanza_52efa94f5a61914516aa05f57c6f128dd2a75e46	配信者／インフルエンサー	キャラクター
fanza_569c8bb8ef493302f8aaaabf36c5e9ed0a64220e	風紀委員	キャラクター
fanza_d704e00fe3528c33e6fe5b81a34278acfd81e12c	魔法使い/魔女	キャラクター
fanza_3fde562fbbcc410ae0e0fb2d36b0a57e41b8f481	魔法少女	キャラクター
fanza_d36e7a03fcec1214f0befaa0b0994c2e17af9f8b	黒ギャル	キャラクター
fanza_20d406c5f8a2955d87dfedc9d97c8eea89af379a	黒人（BBC）	キャラクター
fanza_e7e3631e7ef4f745da5b86127b25fc2543433720	おむつ	コスチューム/服装/アイテム
fanza_f8e520e3076d80a2e6b2957bc990a0262bb29f65	おもちゃ	コスチューム/服装/アイテム
fanza_e97aa2bff454bed0015d6bfc33be73148948e51d	しっぽ	コスチューム/服装/アイテム
fanza_68b438a8a0a1e151d201187da5e9588f309ba954	ふんどし	コスチューム/服装/アイテム
fanza_52540149501268138ef5dddf83efb5cdb743bb2b	めがね	コスチューム/服装/アイテム
fanza_e02942210816385e66e86357f009b4b1fcaa3e0b	カチューシャ	コスチューム/服装/アイテム
fanza_9f19969182217e468f9378eb80e2e719eec06389	ガーター	コスチューム/服装/アイテム
fanza_ea79ecd1c0e481cb675fad8727a937d05fe3d0b9	ガードル	コスチューム/服装/アイテム
fanza_435e2a09bbefc5e57fa744ae36796101ac74cebe	ゴスロリ	コスチューム/服装/アイテム
fanza_98249e2df1c37be301ab4e21976407be4af5576a	スタンガン	コスチューム/服装/アイテム
fanza_f1360f1c1058c217b9fc224a78396ecc4d9ee5a3	ストッキング	コスチューム/服装/アイテム
fanza_442b7e8e841d08a68adf58fdec956977621a006c	スパッツ	コスチューム/服装/アイテム
fanza_d9cdbe3b18c27c5c4b765ded2fb1b013ab90d4e9	スポユニ	コスチューム/服装/アイテム
fanza_d36caa93b02a815c1b32655b9bce01bd39d7eb89	スーツ	コスチューム/服装/アイテム
fanza_0eb07ae3effac9954273fd8e4f934bb4b21a75eb	セーラー服	コスチューム/服装/アイテム
fanza_bf20d27fdec82c4f3ed431b00f97897c9d79095b	タイツ	コスチューム/服装/アイテム
fanza_7c45b88da2ec3422d6a7b7484ba5ea33ac329af5	チャイナ	コスチューム/服装/アイテム
fanza_cd4ebc64887d484bfdd1ff168f04e1f4de1c94ac	ドラッグ	コスチューム/服装/アイテム
fanza_e3cd37ffc4669c488a7dac7f86b93c401b81fc41	ニット	コスチューム/服装/アイテム
fanza_9b85b3a4948639a6cbe6e78add9a7de057764604	ニーソックス	コスチューム/服装/アイテム
fanza_0c087e453d6449532cf7576dd5e37702d3c488f2	ネコミミ・ケモミミ	コスチューム/服装/アイテム
fanza_56aba03e124ba6ec8b8a101114e07427eac6027c	ネコミミ・獣系	コスチューム/服装/アイテム
fanza_f2286811ba5a7bdab4f1ae8e0bde6af6f7514a2d	バイブ	コスチューム/服装/アイテム
fanza_fe643b80ac5ce4975ce8895fee9344999faf6870	パンツ	コスチューム/服装/アイテム
fanza_5a66dc2b165fe430a8bec31f0c3a3481428b29af	ピアス・装飾品	コスチューム/服装/アイテム
fanza_f2427ac09dae95c5c7bd100f72f426fab0837fea	ブレザー	コスチューム/服装/アイテム
fanza_51895a5701667ef88aaee3c644ea4aa999447bd7	ボンテージ	コスチューム/服装/アイテム
fanza_1f46d17641e4dd6f58e96c52cd485e6de72bda7c	ミニスカ	コスチューム/服装/アイテム
fanza_497d100d79d8516c3e0bc42a0890a17473acda0e	ムチ・縄・蝋燭	コスチューム/服装/アイテム
fanza_514f9c538e961b482648aaa9cda9b1bc26be63e2	メカクレ	コスチューム/服装/アイテム
fanza_ef04b9c244816b2166de9f4e9b95e846dc324bcb	ラバー	コスチューム/服装/アイテム
fanza_e988ec9eeaf7c8c51a9e4cc7446277bae1b0d377	リボン	コスチューム/服装/アイテム
fanza_219e9d203b9576f2e0b69b1df8661b8d01c0b0dd	レオタード	コスチューム/服装/アイテム
fanza_e05ad805cdb4f2d78d4d1823a76ac6ec33d33670	ローション・オイル	コスチューム/服装/アイテム
fanza_80aec901cf343428da219d48543712afeb84132d	ローター	コスチューム/服装/アイテム
fanza_a9fe6cd349f5b08efafa852c10cf84876d386e51	ローレグ	コスチューム/服装/アイテム
fanza_6b7abebc15c622e2e7d38aaaf394b8a55426c8ba	ワイシャツ	コスチューム/服装/アイテム
fanza_a6730f134ba71879f0e08c66aed4c71c463622b1	下着	コスチューム/服装/アイテム
fanza_85c51a48a95eda417425bd8d749d48f772eaa0a9	体操着・ブルマ	コスチューム/服装/アイテム
fanza_86b19c9ac1d913c3fbb87670c3c3382371394ab8	制服	コスチューム/服装/アイテム
fanza_01e96e1fb1aa98e56ed93a18760c270544ff2a75	包帯・注射器	コスチューム/服装/アイテム
fanza_6a92c2f2d136f57d82e351a83898ca9565f440e0	半ズボン	コスチューム/服装/アイテム
fanza_8fb0732a2b4fb0c99b6b884fa27e9feb44b47d9f	和服・浴衣	コスチューム/服装/アイテム
fanza_b4e29a69def9b00c4d77e4493ecf56159912aaba	執事	コスチューム/服装/アイテム
fanza_62ac794272ddb410977d6ef30c6ce5a56df73ee3	水着	コスチューム/服装/アイテム
fanza_2f19d9e06ffb679f882946ccbe9e2e06a0acbdfc	猿轡／猿ぐつわ／ボールギャグ	コスチューム/服装/アイテム
fanza_b157de87dabaee8921a92b2f56527d3996f796f4	男装	コスチューム/服装/アイテム
fanza_3214c0440640fff7681be8603a6e4054852a42f6	白衣	コスチューム/服装/アイテム
fanza_c51a93ed86d7b665d7474dd38e0ebb6534b4dcaa	看護婦・ナース	コスチューム/服装/アイテム
fanza_7d5f85985e3b4b0ed9c7e1ded007a17f44477e72	競泳・スクール水着	コスチューム/服装/アイテム
fanza_b32758e000a00902b0503b40a11e7540b4048fb3	裸エプロン	コスチューム/服装/アイテム
fanza_f6adfd9190c59654e2742723f54fc9bc242df676	軍服	コスチューム/服装/アイテム
fanza_e4871f450ac3de1c2c3f0db05a1d48c797eba5b3	逆バニー	コスチューム/服装/アイテム
fanza_bf88b55eb76fd1d95d48648dfd0aaa719cb5b474	道着	コスチューム/服装/アイテム
fanza_a46bcf4231ba13d8f316e53585c40eaf00dfc467	靴下	コスチューム/服装/アイテム
fanza_dbdc45dfaa448b15f84f57d21d0f5c3128fbf19b	首輪・鎖・拘束具	コスチューム/服装/アイテム
fanza_2d153f00088025c1afd84ede0c8a113110f8693b	BL（ボーイズラブ）	シチュエーション/系統
fanza_d44a351f7ec207bce8b378633daa975479cb10b7	BSS	シチュエーション/系統
fanza_c0b089e485c8c781ca837e74d797abd17a952255	Dom/Subユニバース	シチュエーション/系統
fanza_320144db7b4b4f405b44085a2317540c1f5c4cc0	SF	シチュエーション/系統
fanza_63894b212993867ace0df6cc246ab01e8443d2ec	TL（ティーンズラブ）	シチュエーション/系統
fanza_828860e753a848b532ed5a63e8dad9311cc42d67	おっぱい	シチュエーション/系統
fanza_5797a1701495cc3ccd24f458d2dad7fb1577fad7	お尻・ヒップ	シチュエーション/系統
fanza_a051db2e99604b2bca4ba14da8353652713d10bf	ほのぼの	シチュエーション/系統
fanza_a7b5260dfc7f35b28e11a4d0ec318b0866bc5fd9	わからせ	シチュエーション/系統
fanza_7f33adcc9145860e0c7f49ebf4f53f8d87caf342	アクション・格闘	シチュエーション/系統
fanza_ee5c9d2cf8b2ef8fb8534a695f59cd4620f5f09c	エステ	シチュエーション/系統
fanza_a099b6b014e27758e82353ac2673843fb776c37c	オカルト	シチュエーション/系統
fanza_285995fb49e94c6b6000362255073ccf09101bc3	オフィス・職場	シチュエーション/系統
fanza_01e7aee91ee97f1614e780544f06314a99947eab	オメガバース	シチュエーション/系統
fanza_2f9b023e0bbc08d44372c9e8fdaa96132a438ee9	オールハッピー	シチュエーション/系統
fanza_fd60970831db04812d8cbdfa9407e80557ef32e7	ギャグ・コメディ	シチュエーション/系統
fanza_34cc2a6d50b600e82dc4a2cac9da38428318d5b9	ギャンブル	シチュエーション/系統
fanza_d5e988067bc0c44eb68c240b96f552a18cd2aaa2	サスペンス	シチュエーション/系統
fanza_d3385cb3ef20579e0204ca7a7ea3473ae6a77891	シュリンカー/縮小化	シチュエーション/系統
fanza_70e2fadf8f1dffa527ddd164788b43a6c7424d8b	シリアス	シチュエーション/系統
fanza_11cf72654e2804a09cee1abf8c2f9147a6189666	スプラッター	シチュエーション/系統
fanza_fa5e8912c7385bb1b9b4e06199c6fe45724628af	スポーツ	シチュエーション/系統
fanza_a4f214879e6f8892c6667bac822fb201c990f8f7	スワッピング	シチュエーション/系統
fanza_9efab02cd6e9f540ce906d6e1cf3c6d31763e76a	ソフトエッチ	シチュエーション/系統
fanza_9bc4540e7f2cf04d784eaa21c9cbb9de6f3e92e9	ナンパ	シチュエーション/系統
fanza_6276112f2b9374e46c151c390e735ccd0e57b63d	ノンフィクション・体験談	シチュエーション/系統
fanza_1b333133f167b2d96b7efef2450e6a6e5f18da07	ハードボイルド	シチュエーション/系統
fanza_80f7a0365e69339bcdd73b42ba09862b133b2a55	ハーレム	シチュエーション/系統
fanza_4087c0b21aa5f9da5be54a55c13b2ec566c39c92	バイオレンス	シチュエーション/系統
fanza_5b8e07dc20e32dfaa673e6f13409bb7c7e1e0a98	パラレル	シチュエーション/系統
fanza_6314aa46097f91499d61762291b14bbea90001ab	パンチラ	シチュエーション/系統
fanza_a556f6f9b7e56b1bfa73db1749bef7a6f62f798f	ファンタジー	シチュエーション/系統
fanza_93e9014bb0f3a1dc0ce6692b81dd7d5000f2448c	ブラチラ	シチュエーション/系統
fanza_1dec9772cd49b3b6f025b88c6fd44b58b876e7ff	ホラー	シチュエーション/系統
fanza_b62b6f9bda9f7adff78c023cc1be54d9e613a7e0	マッサージ	シチュエーション/系統
fanza_7ccf4860318b60db538a7fd985fc20895561e922	ミステリー	シチュエーション/系統
fanza_3828650202f036bed3dc077fa531677a95995f58	ミリタリー	シチュエーション/系統
fanza_cf3538323064e166eb95368b60b2305ab6a2cfa9	ヨガ	シチュエーション/系統
fanza_e3ab600dcb46403be23c445157e1994683972140	ラブコメ	シチュエーション/系統
fanza_210c3f9e971e8adbff739fad78d450afacc20f39	ラブラブ・あまあま	シチュエーション/系統
fanza_c0a8af2658ceddd5accc8f284e76ed8ae5e79958	リフレ	シチュエーション/系統
fanza_51f1af1dfbc203da96d8c4e385bbaa8f63ba6ebb	下克上	シチュエーション/系統
fanza_7d344f6a11803af2246efe4bdb3f817365babfd2	丸呑み	シチュエーション/系統
fanza_813bc07ff49ef6f1d2ffa6856887ae2437d86b69	人格排泄	シチュエーション/系統
fanza_66df9b784cdfcc4cbcc2a9584436f4662768b6f4	伝奇	シチュエーション/系統
fanza_2b4094984ac9493f839f796be00bee0599809f04	体格差	シチュエーション/系統
fanza_362ffbb1d22275710d21462966f85001751f86c5	初体験	シチュエーション/系統
fanza_3a1a474a2c6b1fb4d2cb579c6898ed129887e1db	劇画	シチュエーション/系統
fanza_df57b34fefbfbdc6616a34535521db65e359dc84	動画配信・撮影	シチュエーション/系統
fanza_3dce044148e500b6db0df76fa8564dd21e3f7288	同棲	シチュエーション/系統
fanza_b04d6cf6880dd9ec1b9a7fc87565222bed8efd50	壁尻	シチュエーション/系統
fanza_d0a0dbe12e74c53a02cdc0c7c71fc89d1b0cbf48	売春・援交	シチュエーション/系統
fanza_fbf8e22b3d6658fd26006e9475eaf959926d083b	嫌われ	シチュエーション/系統
fanza_6476334a6ae99a1a2b1633095a99048beb66d940	学園もの	シチュエーション/系統
fanza_3bb435bbeaef68e89b5ce7ecf2c867cc16ca221e	実演	シチュエーション/系統
fanza_242e8e5c3fbc85cacb22901e0443552460b195b9	家族	シチュエーション/系統
fanza_1f8723168e4b2f1f5f94b0d36b07fadcfccb4f56	密室	シチュエーション/系統
fanza_a57e3784ee38c39091d437021096ad84e5692d80	寝取らせ	シチュエーション/系統
fanza_4002e8a9cc8cb762bf8b85e6175894dd9e3ba333	寝取られない	シチュエーション/系統
fanza_38a2a103702b7c58c277e4c01a4e5571fdaa63a5	寝取られ・NTR	シチュエーション/系統
fanza_d03d48b56803aa8fcaefb481bd9212d8525cb297	寝取り・NTR	シチュエーション/系統
fanza_7754a155e41dbd1cea1448f12e64932d8d1cd571	寝取り・寝取られ・NTR	シチュエーション/系統
fanza_7278cf4c215c87e35661a6c9e26667a6a8e23dfc	寝落ち	シチュエーション/系統
fanza_5775c152d4816afec98fbe46f15f35628220d156	寸止め	シチュエーション/系統
fanza_ad4d9cc1b0871ad087d74bbeea832f9ec8231234	屋外	シチュエーション/系統
fanza_747e647655f5ae02b11b43e5a235e04c88401e36	常識改変	シチュエーション/系統
fanza_df1ff59021db3c98b3b2a4551bc834565d991feb	性転換・女体化	シチュエーション/系統
fanza_c0cd982500a206a2391ee0dc29715e46c5fa0b94	恋人同士	シチュエーション/系統
fanza_e2a0ced198d90482631e3f1e70f0a05c8ff44b8b	恋愛	シチュエーション/系統
fanza_608ea57575d5f23da0801a71ca2b24629f55c5c7	感動	シチュエーション/系統
fanza_50f94bf7c9843c26204121af1e2b10fd803db3f7	感覚遮断	シチュエーション/系統
fanza_a52d3cd04da6fed74f9f5de1c6729265a275d6f9	憑依	シチュエーション/系統
fanza_6699870ea6a4e54eba91250f9093c0730eb7e82d	戦場	シチュエーション/系統
fanza_eae37d5419ba826a2b0a6b48087af2929cbbec69	戦闘エロ	シチュエーション/系統
fanza_8e72993d13fbce3e5517508c5ff2e031126bd355	敗北	シチュエーション/系統
fanza_df2144b4987db662648c7297a5f1c7b82cd2c872	料理	シチュエーション/系統
fanza_92c1b6c8fd3f40e4752f2a06c8c2443c660c091f	旅行	シチュエーション/系統
fanza_5058ec6f74ea0db6be8fa09707eea9ab202c4a6c	日常・生活	シチュエーション/系統
fanza_73ef55f7fae41904d555e9d6a4be7fe1f054d5b9	時間停止	シチュエーション/系統
fanza_2bef2ddb6aa5c7926cb996b5defb32d007127d31	歳の差	シチュエーション/系統
fanza_64494d92b8cc5d6232791f9df9c558d7603c5259	歴史	シチュエーション/系統
fanza_b4b3ae70d5ad7c5271319d461e6a7e5df9d87f25	汁/液大量	シチュエーション/系統
fanza_12414c7baba1849c13da339445177c95185d8fcb	浮気	シチュエーション/系統
fanza_2e1f5939edbb9099d5ba079d99df092a665e8677	淡白・あっさり	シチュエーション/系統
fanza_da5ee7d75d8ffeedb50610d4ae921a39503251a7	温泉・銭湯・お風呂	シチュエーション/系統
fanza_2196c9ce2a2f41b21c53cda7cf8bdfd82cc8a885	無様	シチュエーション/系統
fanza_9d1a3cf398e125349bbc93c27ea8e0f30736be05	燃え	シチュエーション/系統
fanza_f10d550a84cf7757c0737e6dded180eb920b94ee	狂気	シチュエーション/系統
fanza_17fd14f97d19437db1a8891a274c57a554c34e2f	猟奇	シチュエーション/系統
fanza_a48c5c99f01a1c5621ae20a97a6331f8aeff17b0	生徒会	シチュエーション/系統
fanza_c2b70bab82600c3d197b540447c77f175488d63d	男子寮	シチュエーション/系統
fanza_a6d36fd2c3b882c71b8d4a645ac729e45bb8fae4	異世界転生	シチュエーション/系統
fanza_09363ed5d9f5b2ef837e0e22f36bdd140de8e944	癒し	シチュエーション/系統
fanza_656da93f9eed08f9b141a6eb6d7d4c45ddb78f51	百合	シチュエーション/系統
fanza_5b661cb3d1fd84ceb61d1faff8336318620aff51	盗撮・のぞき	シチュエーション/系統
fanza_0d9e5973f315708e236e6941733b2eb33136fc21	監禁	シチュエーション/系統
fanza_f7011d0d22178fd212f904e40e80a9cd47441af9	石化	シチュエーション/系統
fanza_e74e01f135fa54d2d43039aeef2f7c361720f887	純愛	シチュエーション/系統
fanza_8a659371eb99cff3fa1499ed375140688d8b0bfe	耽美	シチュエーション/系統
fanza_e131ecca9c47ebb1f154ab098086c8996a302dc2	胎内回帰	シチュエーション/系統
fanza_e2a6d2606a0a399dd46111838bbc2c3c2ef7e14b	脚	シチュエーション/系統
fanza_de1f09b6e96d8477b0225a8dcc911c59ea0ebaae	芸能	シチュエーション/系統
fanza_9cecd527a9ef3620027bd5deffa757362f58c50b	萌え	シチュエーション/系統
fanza_3d40e57a00de7b46f56b7813cde2302f98f642b6	血液/流血	シチュエーション/系統
fanza_6eb4af81df3d2fac1ddbb7de5363ca050201a91e	評論	シチュエーション/系統
fanza_62693253ee54a8e44f2a2a72abfd602aeeaf3487	近親相姦	シチュエーション/系統
fanza_4d86899c320f2bc26bac01f1f38bc9961cf7d61f	退廃・背徳・インモラル	シチュエーション/系統
fanza_3160559ef95d95135a8f7c38a89e4f386f70bda7	逆NTR	シチュエーション/系統
fanza_527e8f2c6cc81a85ec3835d56a090693bfad4699	逆アナル	シチュエーション/系統
fanza_cf9bf95ffe0054d47cd4931e8182d5b68cfbd70e	逆ハーレム	シチュエーション/系統
fanza_8f925f7657f215fca8d17b6c14dd441182a78dc0	遠距離恋愛	シチュエーション/系統
fanza_bcbb5cf07fb940d6db2ee619009b738f42641e5d	電車	シチュエーション/系統
fanza_04aa1c7a98a396ed834f38dcd9cb1815255e9f99	風俗・ソープ	シチュエーション/系統
fanza_076b8550aa9d77e0cb448046e2d2ef4d824d0ca6	鬱	シチュエーション/系統
fanza_51048bc44ad4dac79c6729bde9265373760098e4	鬱勃起	シチュエーション/系統
fanza_53ce4fd2b0ed8831b721a5c71032c91303ee157e	魔法	シチュエーション/系統
fanza_073214cf0f9499aef920858f775041c7f0bbfacc	おかっぱ	タイプ/身体的特徴
fanza_2e3022696623508d4fed8f3567b0fcf182af4127	つるぺた	タイプ/身体的特徴
fanza_f3271082b6cc8104193204ffd3078ba8af8bde0f	ふたなり	タイプ/身体的特徴
fanza_52e3f725480bf62f37a1e93c32588b9f4dc14e31	ぽっちゃり	タイプ/身体的特徴
fanza_1e653ef062a2b93267d1a77b6c3e1198cd085fc4	インテリ	タイプ/身体的特徴
fanza_13583c21fa6350376c23eb091110735e612f829f	カントボーイ	タイプ/身体的特徴
fanza_1fa176564c9cea1503d72fe4b74367515969a42c	ガチムチ	タイプ/身体的特徴
fanza_f9b64a2cfb8cdad9264642127b2fb0ff8083d2f5	ショートカット	タイプ/身体的特徴
fanza_b426cff04d6bb69579dfbf8cff17496565a0e95b	スレンダー	タイプ/身体的特徴
fanza_1fb9fd99ee4f7e6252e4b360e40e66184855e5a6	タトゥー・刺青	タイプ/身体的特徴
fanza_ec598221b11051dd77f7764872b0ded00e258156	ダウナー	タイプ/身体的特徴
fanza_66b693f2f1617bbda9fb5e157f50db13214d7113	ツインテール	タイプ/身体的特徴
fanza_e590c6d60626faf829e1c6a5f20e4b91ac4b970f	ツンデレ	タイプ/身体的特徴
fanza_39e9ded5754a1ee60528629b882888f51cfbf203	デブ	タイプ/身体的特徴
fanza_205d6d6973c5aface67dd7585f038b5b6813b9ae	ドジっ娘	タイプ/身体的特徴
fanza_b232382bd25539f55ffd74f3c613e353eb6ccfd6	パイパン	タイプ/身体的特徴
fanza_460e9a288afeaf72006dd5ae8eefe3fe1bcc39e5	ビッチ	タイプ/身体的特徴
fanza_8a8c42e076c9d4efae7cbfae8185b6f821f4283f	ボクっ娘	タイプ/身体的特徴
fanza_f5d0ced4352b9388006821dcadaa94ec0a860607	ボーイッシュ	タイプ/身体的特徴
fanza_a868fec09e21ed658ad44581538f6858c0622456	ポニーテール	タイプ/身体的特徴
fanza_503f9cc629e56c2d7abf918276606e43548495b0	ミニ系	タイプ/身体的特徴
fanza_e79087a84664d3c92e4bad8b114a6f2bc75cf501	ムチムチ	タイプ/身体的特徴
fanza_28cef29874223694888ba16db11a8f55858450d7	ヤンデレ	タイプ/身体的特徴
fanza_c6bce0ae7deb7348d3157f4678fdc2363fa79c2f	ロングヘア	タイプ/身体的特徴
fanza_5c24235f02dae35bb0faf7f88c45446c68b64098	三つ編み	タイプ/身体的特徴
fanza_4c9b4cfa8059fa30cc528d42f90d35b6077a27e5	乳首・乳輪	タイプ/身体的特徴
fanza_06f926f003c315dd0d55c7195196f3c52344f62e	低音	タイプ/身体的特徴
fanza_15daca4dc015492074454e27b3574e32b7eceec2	処女	タイプ/身体的特徴
fanza_e5203077d649f050cadf9f38f9c698dc9aa2e267	包茎	タイプ/身体的特徴
fanza_65f398a373883d068775383fe6a738043821a201	地雷	タイプ/身体的特徴
fanza_750df24274893e1da0a11ef5e6079c404e0b28d8	天然	タイプ/身体的特徴
fanza_a0933b59aa86f66c99c3a8edb084a2681dcf0545	小悪魔	タイプ/身体的特徴
fanza_f7f4f3529b7b79fe03d8209d4daa6f07f38871f3	巨乳	タイプ/身体的特徴
fanza_086cac5106fabf884bcd9be0127f46d35632b245	巨大化	タイプ/身体的特徴
fanza_51413ac954ee792edc5357bfa2d37bada59fe139	巨根	タイプ/身体的特徴
fanza_9261fa6496816b195db4ce9468445079063d9b14	方言	タイプ/身体的特徴
fanza_88cec2b49e2f8eda80969912b22c33c39e93611a	淫乱	タイプ/身体的特徴
fanza_fd321ed85eff51325b5e5f57f74a512a6246da63	無知	タイプ/身体的特徴
fanza_4ebbad6c9ced84427c2d11292a0651e81c61ee39	無表情	タイプ/身体的特徴
fanza_acfad89c98bfea800028989f2ec5bb919261a093	生意気	タイプ/身体的特徴
fanza_42b68250237259148b7fb2cc85953cbdf113bc9b	痴女	タイプ/身体的特徴
fanza_800e60750b3cf928024f2f944075786634f512c9	童貞	タイプ/身体的特徴
fanza_bebd75291f16994d05ec2e4bb69ce687b72905cf	筋肉	タイプ/身体的特徴
fanza_4a33d1de7afdf9b14b12ee3543069f6d790e0b48	粗チン	タイプ/身体的特徴
fanza_efc8194a8e24e695a73adef0e617d225775b56f8	素人	タイプ/身体的特徴
fanza_9c0f78bde3f06b0364d8998e093b92c5723902bd	茶髪	タイプ/身体的特徴
fanza_23f7e515d8a1fa0e66cb2a73dac0df4fb53ebaa1	複乳/怪乳/超乳	タイプ/身体的特徴
fanza_130da9a5944f9f8701f0fe690400f4f96c012b00	褐色・日焼け	タイプ/身体的特徴
fanza_123e270d7ff6a66dcfaf82bb774d60d476858c95	貧乳・微乳	タイプ/身体的特徴
fanza_6990bf7a4e3c305b1c5b88ea7d01c4ff4ca127be	超乳	タイプ/身体的特徴
fanza_7464eb4ff510f03acea3747a7547402ca427a7f3	金髪	タイプ/身体的特徴
fanza_b753a52f5b90a133b46e39c906b81355d9bb6578	長身	タイプ/身体的特徴
fanza_db2dbecbbfcf62ebf35da630511b0cdf0d3059f3	陰キャ・地味	タイプ/身体的特徴
fanza_e3f961a90ec4cfcbdd02540d00e9c5fd9f4fb22d	陰毛・腋毛	タイプ/身体的特徴
fanza_9b34cc20c4df6d0b1cf951b51a81d81a66824fe8	雄っぱい	タイプ/身体的特徴
fanza_9f9f4b49d6b981c3c426b1a6ef7a4475a79d7ea0	鬼畜	タイプ/身体的特徴
fanza_934370df8f8818a2e065abf1fd8b4e88f06ab2ad	黒髪	タイプ/身体的特徴
fanza_3200468f1f4c7be24f52c68d1782fc071f1db0b2	3P・4P	プレイ
fanza_76e8daf43b51c7469b266d37aab6e3ed52f679bc	SM	プレイ
fanza_4a2abfe74812296e82ab475c44b8c0cf1cd43396	おさわり	プレイ
fanza_138bcd253c06cbe76bfbae436318defc74150465	おもらし	プレイ
fanza_0a29ee0e16c5949015ec13e72904532bfa01a3d7	きせかえ	プレイ
fanza_065ef0b3d35146dc82112430f641394618cfabe2	くすぐり	プレイ
fanza_54fec57df317912c98be2d58e3dfc55d2b39aa6e	ごっくん	プレイ
fanza_0ace3d100670f8b4a8db7d9bdf40e2fbe6c87a5e	ご奉仕	プレイ
fanza_ed7d29e66ade273fed532ba017a8ae45d1f25de1	ささやき	プレイ
fanza_b79d6ec1cb480f6364d817933bf2591c99593436	だいしゅきホールド	プレイ
fanza_3e440ff2345c53b8cb7dd1371e560582d32bee5a	ぶっかけ	プレイ
fanza_999c2c6cf2140d9a3e82b19b6b2f3e2e08a4cfc5	やんちゃ受け	プレイ
fanza_29c44622a2575661403858203c272f7c02639601	アクメ	プレイ
fanza_4ff5a70a51f2a62e85c50e39064529210c32ad23	アナル	プレイ
fanza_c56817f829ab9bce2aa2246eb75c353731379a0b	アヘ顔	プレイ
fanza_426b690eb825d042d01db1cdc1250c90ae18a25d	イラマチオ	プレイ
fanza_e16d9671dc56f71b9adae76a47292fbcfa71bd63	オナサポ	プレイ
fanza_8e4fde305aa4f3e6cc1b385bcb6a833d752f330a	オナニー	プレイ
fanza_645ece0bfc8b302d1da8d0928c31df0d4260f874	オホ声	プレイ
fanza_2d23867edd92758df2d5551063a30945d88d70b5	オヤジ受け	プレイ
fanza_01dc3a59eb1ac4c1c947b88d06b56a5b50c5a1e9	カウントダウン	プレイ
fanza_38e8334f05334c30b4d85edb343201194dce877f	キス	プレイ
fanza_2cbbb4ccbd78751f27bc47bc122841fda7deb3f7	キャットファイト	プレイ
fanza_d8f50146a4ddea0763486e495b7ef2c00fa23800	クリ責め	プレイ
fanza_17fd7d579bf7a4eed13e7e31bc2d2a06276b17ee	クンニ	プレイ
fanza_682eb4907d5c37274165ac0b7aef56cfd0f60b51	クール受け	プレイ
fanza_c7f5c64741e78f684591a1adae43028f33cc7980	クール攻め	プレイ
fanza_3bc20486e26f2b417f300239ce7bd5b3aaf0f8ce	ゲップ	プレイ
fanza_90e43b3e7ff53eac7e9f0ff25ec76ac3bd1b9f2e	コスプレ	プレイ
fanza_c4d273b77a523cec790450a8ca2600a822b0a3a3	シックスナイン	プレイ
fanza_6c043111965059a5b5fe87aa5c6049e521750854	スカトロ	プレイ
fanza_20b9a8923bb33a2e0701b8e1092ce960947568dc	スパンキング	プレイ
fanza_0a6bf119f855dbc60ab3f0569a56767ae0b14aed	ニプルファック	プレイ
fanza_ed9c2424d313016103ca6f952768efea5f8173f9	ノーマルプレイ	プレイ
fanza_564b0eef367cb85b3b9be1d00832361766e2dd8b	ハード系	プレイ
fanza_f65c255c513ff6641e143728c31f01bce3ad49c1	パイズリ	プレイ
fanza_3f737125e8cd5e266a482e2b9ef082b46467b7b2	フィスト	プレイ
fanza_e3ba8ac47a3765d2faa71a89d306ee4c31150e6e	フィストファック	プレイ
fanza_e424954ac043acd85dc92e1fb704de5012770203	フェラ	プレイ
fanza_64a7a923f38d05fbd53ac6a69c8ef66d2971eafd	ヘタレ攻め	プレイ
fanza_f5c548e04b38fba49b6b761cfdd87588fbd2befe	マニアック/変態	プレイ
fanza_52636504081b4042ffd59ee8760890c564114a9c	メスイキ	プレイ
fanza_f0af9c5aa7a584f8c5d30e929d7abe889bc3f2b2	メス堕ち	プレイ
fanza_8061b0c8b87b916348d12d0ddaaad093b7dbe6e2	メス男子	プレイ
fanza_01efeaad643f0496448fc44f5c06b334c92a4309	モブ姦	プレイ
fanza_cb3c48b8512257af0217c4cf7735b06453f03150	リバ	プレイ
fanza_321aef85708074ea644e112cb5baf9b29cb31693	リョナ	プレイ
fanza_b984f7119e9359d25565dfd14ceae1339fa39c5a	下品	プレイ
fanza_3fe20114f34d948f374954c5d11b4376f33a1aff	中出し	プレイ
fanza_c847fe9dcb1d5fa92a1b86134db03bd0e560ce5d	乙女受け	プレイ
fanza_cd9b636b377068b752c5ddad3c5aacd320550f89	乱交	プレイ
fanza_a4bee2b7440b1eecac091afe5520ec5faa393313	乳首責め	プレイ
fanza_a353bdd43cc18a062a12e61550e5a54239a7dca8	亀頭責め	プレイ
fanza_ae6cfdfa0fdc0d4c79c5ddea7418d1102a4accf6	人体改造	プレイ
fanza_b54c97205f8a1f672d414abce7d38b7b5056ade6	俺様攻め	プレイ
fanza_163733c2f0640b12c6ec0b0841a6aa2ad2d8f670	健気受け	プレイ
fanza_630b02833eadd355dfaaaded216530dc7c95cd22	全肯定	プレイ
fanza_e75e44825c1f4208b96098f83d48b7a2bedbdc3c	出産	プレイ
fanza_6315062cd82273bf7e2f99a749a762b7717aa960	口内射精	プレイ
fanza_44aed2eb3b815a68a9e52674cadca56520896708	和姦	プレイ
fanza_e346c33cb6699818e649c6127cf271359f9c32de	執着攻め	プレイ
fanza_ffdc16188ef542a346d4fd7ff3dc3f83fbb10c90	女性優位	プレイ
fanza_522c51886001bc46991abeca3b99076ef71f2fdb	妊娠・孕ませ	プレイ
fanza_fc917e94f5f97bc0a595e0cdf09cada7c8c87db9	密着	プレイ
fanza_3dec866c52e8f614decaa3d1faaffd7682ccd839	射精管理	プレイ
fanza_7b0bf55f445ccf22acc4abea185f23d9a9a1a669	尿道	プレイ
fanza_c8153f02090737fe883ec7e965410f62da2870d3	年下攻め	プレイ
fanza_91370c95b030b23dbe146121f7021f23b69c8853	強気受け	プレイ
fanza_b66b49c9c001cdeff446e888545c258e4869baa8	強気攻	プレイ
fanza_b89fe1750804b75ac03fb9ebf6fb239dde880a32	後背位／バック	プレイ
fanza_899bf9fbb02c09dadceaa714dc1f9a6c88793297	快楽堕ち	プレイ
fanza_689f5363cf69868ce1edf302f27871f4205c6c3e	悪堕ち	プレイ
fanza_ccb8c7242126f372b82396e10add4c4d9f86af68	手コキ	プレイ
fanza_9b9b691dccc0dbaff2031aa65c4fd9af4d385e46	拘束	プレイ
fanza_654a6b06822c6bf0985cd2082a3731926c492e0c	拡張	プレイ
fanza_a529f7bae8fe400730f0d247e51c2fb00c9cb797	拷問	プレイ
fanza_eba147c85e2681406f6dcbd480d667b5d1260686	授乳	プレイ
fanza_2ab56d2c159633334dce44cbf1e4af2f7f0d966c	授乳手コキ	プレイ
fanza_231971d414d10af8ff3c073635e9836f5dd385a5	搾乳	プレイ
fanza_9868457177d2d89ccb2a277fe18e40320ddaf805	放尿・お漏らし	プレイ
fanza_31a63100e03d208489ebdd3f30ef2bec20743fa9	放置プレイ	プレイ
fanza_8676010b5db5510478057b45253122fd5d1042d8	本番なし	プレイ
fanza_90d5bd247cd8677cb310cfc996f16423a74c7bb5	機械姦	プレイ
fanza_02dc6b1d733aef37b0da0c2c83676494c4a4f18e	正常位	プレイ
fanza_cbbfe762584ea31d82702146cd42adfd99893ff8	母乳	プレイ
fanza_12fd70c69c6687a4da09cc73e95be4d84659f217	洗脳	プレイ
fanza_c5c7331b38e55980683c99287c52cda44c8f5fb3	浣腸	プレイ
fanza_8d3154b878e96c29b19353ef6ce57725c8e07570	淫語	プレイ
fanza_3003af685c484e36d7de3314667a7e66736c00d1	添い寝	プレイ
fanza_9cdef30322b53a204b1385fc39507437cf9b149b	潮吹き	プレイ
fanza_4b166c6e9c1e4c6e441a83889022086b5e313683	焦らし	プレイ
fanza_182c435b23f6eb6d8fe8798103ea1dcc8ad3e514	玉舐め	プレイ
fanza_27ae7a1b86db18b5ec827e284e7aa8ce6acb5a28	産卵	プレイ
fanza_9b4cd6e93624563a910f105987f557ebe5d544e2	男の潮吹き	プレイ
fanza_ff9763f7550a32e2e56d7fafee854d15db4fcd0e	男性受け	プレイ
fanza_2b502fe1e0528d4d0d332198f351496675666ae8	異物挿入	プレイ
fanza_fbbcd6b9b3662248d8dd7fcff40b7f69f3836e65	異種姦	プレイ
fanza_6ef3939d2af1c868d1c1906428cab96d75660456	目隠し	プレイ
fanza_3650f5100939e6a766e83d5d0895c77ab7e31f57	着衣	プレイ
fanza_b9f7f4b9c942aed2634634f5916497ecc0a3d6be	睡眠姦	プレイ
fanza_e9517ccbe74cbeec93e161115eb2eb6452399116	種付けプレス	プレイ
fanza_7dbdd55c408c50d21e8d75d46cbd03792a92e2e9	総受	プレイ
fanza_616f20a06fa3d1e1136ae883c7facb2f1cd0930e	縛り・緊縛	プレイ
fanza_768c1f42464aacd29150eecc114d16bcb1a90485	羞恥	プレイ
fanza_a55f78442fa41efec1cfe3838c3cac8f1be40f4b	耳かき	プレイ
fanza_a0c0cebc0837cfeeb82021f93fd81ffbac634001	耳ふー	プレイ
fanza_685f12707f0ceb840ebfd9c6665306426aaf68f9	耳舐め	プレイ
fanza_268f3a2bdc7674db052793832bf4720c6ecb02b8	肉便器	プレイ
fanza_a2b1cd67fb5ee66a0616b3dc92ecd1a3c32e27ff	腹パン	プレイ
fanza_c715c1a36bab7ee63a6f98a609f6347c66e98cc5	色仕掛け	プレイ
fanza_80cb9de6aa4d806fe53cfd9e23ab0acb179a3fad	落書き	プレイ
fanza_07a7f2682bea59c9a3382802238c4b57b147e020	蟲姦	プレイ
fanza_3d12437cbb689b4fa790ce776eab4ad1c8c6f508	襲い受	プレイ
fanza_d2213698ed012c1eaa5dc5e06cfedb7b1a262051	触手	プレイ
fanza_515c9970a43d806bb2a3203b8dc9c3143a51e243	言葉責め	プレイ
fanza_a82be2cbd227b515cf2a99edd4930918acbddb51	誘い受け	プレイ
fanza_b2959d7dde152d763c1afe541893f79de7c1d390	赤ちゃんプレイ	プレイ
fanza_c494371f0c733868350d9871253ef4d56119d002	足コキ	プレイ
fanza_3f7870be6d88eed13551e387ef24bca3ed271487	辱め	プレイ
fanza_87f23138a0af1ab4f635054bcfb9e0e5d9cbc234	連続絶頂	プレイ
fanza_417607f9d73fc16558640525b4bd7edf74ea3f70	野外・露出	プレイ
fanza_e7cb3c5b4eaef570b17c4952efccd4a5d5b3b86d	青姦	プレイ
fanza_66ea6e1db1a816f6fd38965c4850a4eae0b92a52	顔射	プレイ
fanza_370b87adf1d8cfe450a04b578c3b542d363d3d14	駅弁	プレイ
fanza_339b5a30e0a58236a6bf0f00cdf6b0c802bb5370	騎乗位	プレイ
fanza_72f4e7cd13666a7e2f5388b048018e053328df06	Ｗフェラ	プレイ
